<?xml version="1.0" encoding="UTF-8"?>
<Configuration status="warn">
  <Properties>
    <Property name="basePath">./logs</Property>
  </Properties>

  <Appenders>
    <RollingFile name="fileLogger"
                 fileName="${basePath}/app-info.log"
                 filePattern="${basePath}/app-info-%d{yyyy-MM-dd}.log">
      <PatternLayout pattern="[%-5level] %d{yyyy-MM-dd HH:mm:ss.SSS} [%t] %c{1} - %msg%n"/>
      <Policies>
        <TimeBasedTriggeringPolicy interval="1" modulate="true"/>
      </Policies>
    </RollingFile>

    <Console name="console" target="SYSTEM_OUT">
      <PatternLayout pattern="[%-5level] %d{yyyy-MM-dd HH:mm:ss.SSS} [%t] %c{1} - %msg%n"/>
    </Console>
  </Appenders>

  <Loggers>
    <Logger name="ec.asgmt" level="info" additivity="true">
      <AppenderRef ref="fileLogger" level="info"/>
    </Logger>
    <Root level="info" additivity="false">
      <AppenderRef ref="console"/>
    </Root>
  </Loggers>
</Configuration>
